frame_idx,second,lampu,status_final,operator_status,env_mean,panel_mean,panel_max,around_mean,delta,std_panel,panel_valid,panel_occluded,mesin_aktif_panel,roll_occluded,operator_near_roll,movement,movement_ema,status_raw,on_cnt,off_cnt,on_sec_count
1,0,TERANG,OFF,TIDAK ADA,61.04,61.89,187,70.01,-8.13,27.15,0,0,0,0,0,0,0,OFF,0,0,0
30,1,GELAP,OFF,TIDAK ADA,61.05,62.2,185,70.18,-7.99,27.54,0,0,0,0,0,0,0,OFF,0,0,0
60,2,GELAP,OFF,TIDAK ADA,61.06,61.8,183,70.1,-8.29,27.19,0,0,0,0,0,0,0,OFF,0,0,0
90,3,GELAP,OFF,TIDAK ADA,61.06,62.33,187,70.17,-7.84,27.17,0,0,0,0,0,0,0,OFF,0,0,0
120,4,GELAP,OFF,TIDAK ADA,61.06,62.25,187,70.18,-7.93,27.1,0,0,0,0,0,0,0,OFF,0,0,0
150,5,GELAP,OFF,TIDAK ADA,61.06,62.08,187,70.32,-8.24,26.97,0,0,0,0,0,0,0,OFF,0,0,0
180,6,GELAP,OFF,TIDAK ADA,61.05,62.14,175,70.25,-8.11,27.26,0,0,0,0,0,0,0,OFF,0,0,0
210,7,GELAP,OFF,TIDAK ADA,61.05,62.48,188,70.24,-7.75,27.15,0,0,0,0,0,0,0,OFF,0,0,0
240,8,GELAP,OFF,TIDAK ADA,61.17,62.23,178,70.37,-8.14,27.27,0,0,0,0,0,0,0,OFF,0,0,0
270,9,GELAP,OFF,TIDAK ADA,61.17,62.31,178,70.42,-8.11,27.21,0,0,0,0,0,0,0,OFF,0,0,0
300,10,GELAP,OFF,TIDAK ADA,61.17,62.27,178,70.33,-8.06,27.43,0,0,0,0,0,0,0,OFF,0,0,0
330,11,GELAP,OFF,TIDAK ADA,61.17,62.52,171,70.45,-7.93,27.11,0,0,0,0,0,0,0,OFF,0,0,0
360,12,GELAP,OFF,TIDAK ADA,61.17,62.59,171,70.37,-7.78,26.97,0,0,0,0,0,0,0,OFF,0,0,0
390,13,GELAP,OFF,TIDAK ADA,61.17,62.71,170,70.23,-7.51,26.86,0,0,0,0,0,0,0,OFF,0,0,0
420,14,GELAP,OFF,TIDAK ADA,61.17,62.32,178,70.31,-7.99,27.22,0,0,0,0,0,0,0,OFF,0,0,0
450,15,GELAP,OFF,TIDAK ADA,61.18,62.3,178,70.44,-8.13,27.29,0,0,0,0,0,0,0,OFF,0,0,0
480,16,GELAP,OFF,TIDAK ADA,61.17,62.48,171,70.31,-7.83,27,0,0,0,0,0,0,0,OFF,0,0,0
510,17,GELAP,OFF,TIDAK ADA,61.17,62.27,178,70.44,-8.17,27.41,0,0,0,0,0,0,0,OFF,0,0,0
540,18,GELAP,OFF,TIDAK ADA,61.22,62.31,172,70.34,-8.03,27.21,0,0,0,0,0,0,0,OFF,0,0,0
570,19,GELAP,OFF,TIDAK ADA,61.2,62.27,175,70.34,-8.07,27.51,0,0,0,0,0,0,0,OFF,0,0,0
600,20,GELAP,OFF,TIDAK ADA,61.18,62.21,175,70.32,-8.1,27.39,0,0,0,0,0,0,0,OFF,0,0,0
630,21,GELAP,OFF,TIDAK ADA,61.18,62.17,171,70.41,-8.24,27.32,0,0,0,0,0,0,0,OFF,0,0,0
660,22,GELAP,OFF,TIDAK ADA,61.24,62.33,168,70.41,-8.08,27.26,0,0,0,0,0,0,0,OFF,0,0,0
690,23,GELAP,OFF,TIDAK ADA,61.21,62.19,168,70.32,-8.13,27.26,0,0,0,0,0,0,0,OFF,0,0,0
720,24,GELAP,OFF,TIDAK ADA,61.17,62.22,168,70.36,-8.15,27.12,0,0,0,0,0,0,0,OFF,0,0,0
750,25,GELAP,OFF,TIDAK ADA,61.2,61.98,172,70.52,-8.54,27.29,0,0,0,0,0,0,0,OFF,0,0,0
780,26,GELAP,OFF,TIDAK ADA,61.2,62.26,172,70.3,-8.04,27.3,0,0,0,0,0,0,0,OFF,0,0,0
810,27,GELAP,OFF,TIDAK ADA,61.19,62.31,172,70.33,-8.01,27.35,0,0,0,0,0,0,0,OFF,0,0,0
840,28,GELAP,OFF,TIDAK ADA,60.98,62.36,172,70.22,-7.86,27.5,0,0,0,0,0,0,0,OFF,0,0,0
870,29,GELAP,OFF,TIDAK ADA,60.98,62.3,167,70.36,-8.06,27.31,0,0,0,0,0,0,0,OFF,0,0,0
900,30,GELAP,OFF,TIDAK ADA,60.98,62.49,172,70.37,-7.87,27.26,0,0,0,0,0,0,0,OFF,0,0,0
930,31,GELAP,OFF,TIDAK ADA,60.98,62.55,172,70.45,-7.9,27.27,0,0,0,0,0,0,0,OFF,0,0,0
960,32,GELAP,OFF,TIDAK ADA,60.98,62.47,172,70.47,-8,27.31,0,0,0,0,0,0,0,OFF,0,0,0
990,33,GELAP,OFF,TIDAK ADA,61,62.31,172,70.43,-8.12,27.57,0,0,0,0,0,0,0,OFF,0,0,0
1020,34,GELAP,OFF,TIDAK ADA,60.98,62.53,172,70.55,-8.02,27.31,0,0,0,0,0,0,0,OFF,0,0,0
1050,35,GELAP,OFF,TIDAK ADA,60.98,62.6,172,70.5,-7.9,27.52,0,0,0,0,0,0,0,OFF,0,0,0
1080,36,GELAP,OFF,TIDAK ADA,60.98,62.55,172,70.39,-7.83,27.18,0,0,0,0,0,0,0,OFF,0,0,0
1110,37,GELAP,OFF,TIDAK ADA,60.98,62.41,172,70.39,-7.97,27.39,0,0,0,0,0,0,0,OFF,0,0,0
1140,38,GELAP,OFF,TIDAK ADA,61.19,62.79,171,70.51,-7.72,26.95,0,0,0,0,0,0,0,OFF,0,0,0
1170,39,GELAP,OFF,TIDAK ADA,61.19,62.84,173,70.55,-7.72,27.44,0,0,0,0,0,0,0,OFF,0,0,0
1200,40,GELAP,OFF,TIDAK ADA,61.19,63,171,70.57,-7.57,26.96,0,0,0,0,0,0,0,OFF,0,0,0
1230,41,GELAP,OFF,TIDAK ADA,62.16,62.81,172,70.42,-7.61,27.24,0,0,0,0,0,0,0,OFF,0,0,0
1260,42,GELAP,OFF,TIDAK ADA,61.84,63.05,172,70.61,-7.56,27.39,0,0,0,0,0,0,0,OFF,0,0,0
1290,43,GELAP,OFF,TIDAK ADA,61.45,62.8,172,70.58,-7.78,27.17,0,0,0,0,0,0,0,OFF,0,0,0
1320,44,GELAP,OFF,TIDAK ADA,61.21,62.87,172,70.73,-7.86,27.11,0,0,0,0,0,0,0,OFF,0,0,0
1350,45,GELAP,OFF,TIDAK ADA,61.21,62.97,172,70.71,-7.74,27.19,0,0,0,0,0,0,0,OFF,0,0,0
1380,46,GELAP,OFF,TIDAK ADA,61.19,62.94,172,70.59,-7.65,27.09,0,0,0,0,0,0,0,OFF,0,0,0
1410,47,GELAP,OFF,TIDAK ADA,61.19,62.81,172,70.65,-7.84,27.07,0,0,0,0,0,0,0,OFF,0,0,0
1440,48,GELAP,OFF,TIDAK ADA,61.25,62.69,178,70.41,-7.72,27.66,0,0,0,0,0,0,0,OFF,0,0,0
1470,49,GELAP,OFF,TIDAK ADA,61.25,62.9,178,70.56,-7.66,27.27,0,0,0,0,0,0,0,OFF,0,0,0
1500,50,GELAP,OFF,TIDAK ADA,61.25,62.99,167,70.63,-7.64,27.45,0,0,0,0,0,0,0,OFF,0,0,0
1530,51,GELAP,OFF,TIDAK ADA,61.25,62.92,170,70.44,-7.52,27.56,0,0,0,0,0,0,0,OFF,0,0,0
1560,52,GELAP,OFF,TIDAK ADA,61.25,62.91,171,70.39,-7.48,27.53,0,0,0,0,0,0,0,OFF,0,0,0
1590,53,GELAP,OFF,TIDAK ADA,61.25,62.61,179,70.57,-7.96,27.68,0,0,0,0,0,0,0,OFF,0,0,0
1620,54,GELAP,OFF,TIDAK ADA,61.25,62.93,171,70.48,-7.55,27.35,0,0,0,0,0,0,0,OFF,0,0,0
1650,55,GELAP,OFF,TIDAK ADA,61.25,62.94,171,70.54,-7.59,27.5,0,0,0,0,0,0,0,OFF,0,0,0
1680,56,GELAP,OFF,TIDAK ADA,61.25,62.76,172,70.72,-7.97,27.63,0,0,0,0,0,0,0,OFF,0,0,0
1710,57,GELAP,OFF,TIDAK ADA,61.39,62.99,168,70.47,-7.48,27.4,0,0,0,0,0,0,0,OFF,0,0,0
1740,58,GELAP,OFF,TIDAK ADA,61.15,62.29,166,70.38,-8.09,27.68,0,0,0,0,0,0,0,OFF,0,0,0
1770,59,GELAP,OFF,TIDAK ADA,61.17,62.49,166,70.26,-7.78,27.59,0,0,0,0,0,0,0,OFF,0,0,0
1800,60,GELAP,OFF,TIDAK ADA,61.15,62.79,167,70.37,-7.59,27.48,0,0,0,0,0,0,0,OFF,0,0,0
1830,61,GELAP,OFF,TIDAK ADA,61.15,62.63,167,70.56,-7.94,27.38,0,0,0,0,0,0,0,OFF,0,0,0
1860,62,GELAP,OFF,TIDAK ADA,61.16,62.71,167,70.49,-7.78,27.5,0,0,0,0,0,0,0,OFF,0,0,0
1890,63,GELAP,OFF,TIDAK ADA,61.09,62.64,167,70.47,-7.83,27.54,0,0,0,0,0,0,0,OFF,0,0,0
1920,64,GELAP,OFF,TIDAK ADA,61.15,62.54,166,70.42,-7.88,27.56,0,0,0,0,0,0,0,OFF,0,0,0
1950,65,GELAP,OFF,TIDAK ADA,61.16,62.81,166,70.53,-7.72,27.41,0,0,0,0,0,0,0,OFF,0,0,0
1980,66,GELAP,OFF,TIDAK ADA,61.15,62.81,166,70.58,-7.77,27.6,0,0,0,0,0,0,0,OFF,0,0,0
2010,67,GELAP,OFF,TIDAK ADA,61.12,62.76,167,70.67,-7.91,27.38,0,0,0,0,0,0,0,OFF,0,0,0
2040,68,GELAP,OFF,TIDAK ADA,60.98,62.08,164,70.1,-8.03,28.25,0,0,0,0,0,0,0,OFF,0,0,0
2070,69,GELAP,OFF,TIDAK ADA,61.03,62.2,165,70.13,-7.93,28.35,0,0,0,0,0,0,0,OFF,0,0,0
2100,70,GELAP,OFF,TIDAK ADA,60.98,62.22,165,70.15,-7.94,28.07,0,0,0,0,0,0,0,OFF,0,0,0
2130,71,GELAP,OFF,TIDAK ADA,60.98,62.11,165,70.21,-8.1,27.91,0,0,0,0,0,0,0,OFF,0,0,0
2160,72,GELAP,OFF,TIDAK ADA,61.03,62.25,165,70.06,-7.81,28.25,0,0,0,0,0,0,0,OFF,0,0,0
2190,73,GELAP,OFF,TIDAK ADA,61.04,61.96,165,70.11,-8.15,28.1,0,0,0,0,0,0,0,OFF,0,0,0
2220,74,GELAP,OFF,TIDAK ADA,60.98,62.37,165,70.11,-7.75,27.78,0,0,0,0,0,0,0,OFF,0,0,0
2250,75,GELAP,OFF,TIDAK ADA,61.02,62.52,163,70.27,-7.75,28.14,0,0,0,0,0,0,0,OFF,0,0,0
2280,76,GELAP,OFF,TIDAK ADA,61.03,62.25,166,70.04,-7.79,28.49,0,0,0,0,0,0,0,OFF,0,0,0
2310,77,GELAP,OFF,TIDAK ADA,61.04,62.36,163,70.23,-7.87,28.04,0,0,0,0,0,0,0,OFF,0,0,0
2340,78,GELAP,OFF,TIDAK ADA,61.18,62.29,186,70.41,-8.12,27.42,0,0,0,0,0,0,0,OFF,0,0,0
2370,79,GELAP,OFF,TIDAK ADA,61.24,62.53,174,70.53,-8,27.08,0,0,0,0,0,0,0,OFF,0,0,0
2400,80,GELAP,OFF,TIDAK ADA,61.18,62.35,174,70.5,-8.15,27.26,0,0,0,0,0,0,0,OFF,0,0,0
2430,81,GELAP,OFF,TIDAK ADA,61.18,62.61,174,70.6,-7.99,26.89,0,0,0,0,0,0,0,OFF,0,0,0
2460,82,GELAP,OFF,TIDAK ADA,61.17,62.4,174,70.43,-8.04,27.27,0,0,0,0,0,0,0,OFF,0,0,0
2490,83,GELAP,OFF,TIDAK ADA,61.17,62.32,185,70.33,-8.01,27.34,0,0,0,0,0,0,0,OFF,0,0,0
2520,84,GELAP,OFF,TIDAK ADA,61.17,62.35,174,70.4,-8.05,27.63,0,0,0,0,0,0,0,OFF,0,0,0
2550,85,GELAP,OFF,TIDAK ADA,61.14,62.28,185,70.46,-8.18,27.47,0,0,0,0,0,0,0,OFF,0,0,0
2580,86,GELAP,OFF,TIDAK ADA,61.14,62.56,174,70.41,-7.85,27.32,0,0,0,0,0,0,0,OFF,0,0,0
2610,87,GELAP,OFF,TIDAK ADA,61.17,62.52,174,70.5,-7.99,27.42,0,0,0,0,0,0,0,OFF,0,0,0
2640,88,GELAP,OFF,TIDAK ADA,61.02,62.22,171,70.05,-7.83,27.48,0,0,0,0,0,0,0,OFF,0,0,0
2670,89,GELAP,OFF,TIDAK ADA,61.02,62.41,168,70.05,-7.64,27.09,0,0,0,0,0,0,0,OFF,0,0,0
2700,90,GELAP,OFF,TIDAK ADA,61.02,62.5,172,70.15,-7.64,27.36,0,0,0,0,0,0,0,OFF,0,0,0
2730,91,GELAP,OFF,TIDAK ADA,61.02,62.36,172,70.32,-7.96,27.51,0,0,0,0,0,0,0,OFF,0,0,0
2760,92,GELAP,OFF,TIDAK ADA,61.05,62.39,171,70.23,-7.83,27.33,0,0,0,0,0,0,0,OFF,0,0,0
2790,93,GELAP,OFF,TIDAK ADA,61.02,62.53,171,70.17,-7.64,27.36,0,0,0,0,0,0,0,OFF,0,0,0
2820,94,GELAP,OFF,TIDAK ADA,61.02,62.59,171,70.36,-7.77,27.12,0,0,0,0,0,0,0,OFF,0,0,0
2850,95,GELAP,OFF,TIDAK ADA,61.02,62.49,171,70.24,-7.75,27.48,0,0,0,0,0,0,0,OFF,0,0,0
2880,96,GELAP,OFF,TIDAK ADA,61.02,62.78,171,70.18,-7.4,27.01,0,0,0,0,0,0,0,OFF,0,0,0
2910,97,GELAP,OFF,TIDAK ADA,61.02,62.49,172,70.18,-7.69,27.02,0,0,0,0,0,0,0,OFF,0,0,0
2940,98,GELAP,OFF,TIDAK ADA,60.84,62.39,199,70.32,-7.92,28.44,0,0,0,0,0,0,0,OFF,0,0,0
2970,99,GELAP,OFF,TIDAK ADA,60.84,62.42,199,70.34,-7.93,28.65,0,0,0,0,0,0,0,OFF,0,0,0
3000,100,GELAP,OFF,TIDAK ADA,60.84,62.38,199,70.33,-7.95,28.44,0,0,0,0,0,0,0,OFF,0,0,0
3030,101,GELAP,OFF,TIDAK ADA,60.84,62.41,182,70.3,-7.89,28.15,0,0,0,0,0,0,0,OFF,0,0,0
3060,102,GELAP,OFF,TIDAK ADA,60.84,62.55,207,70.49,-7.94,28.75,0,0,0,0,0,0,0,OFF,0,0,0
3090,103,GELAP,OFF,TIDAK ADA,60.84,62.55,200,70.23,-7.68,28.27,0,0,0,0,0,0,0,OFF,0,0,0
3120,104,GELAP,OFF,TIDAK ADA,60.84,62.63,200,70.58,-7.95,28.4,0,0,0,0,0,0,0,OFF,0,0,0
3150,105,GELAP,OFF,TIDAK ADA,60.84,62.37,200,70.34,-7.97,28.36,0,0,0,0,0,0,0,OFF,0,0,0
3180,106,GELAP,OFF,TIDAK ADA,60.84,62.51,183,70.39,-7.89,28.21,0,0,0,0,0,0,0,OFF,0,0,0
3210,107,GELAP,OFF,TIDAK ADA,60.84,62.28,194,70.6,-8.32,28.52,0,0,0,0,0,0,0,OFF,0,0,0
3240,108,GELAP,OFF,TIDAK ADA,61.11,63.04,167,70.44,-7.4,26.68,0,0,0,0,0,0,0,OFF,0,0,0
3270,109,GELAP,OFF,TIDAK ADA,61.11,63.11,178,70.49,-7.38,26.66,0,0,0,0,0,0,0,OFF,0,0,0
3300,110,GELAP,OFF,TIDAK ADA,61.11,63.38,178,70.54,-7.15,26.74,0,0,0,0,0,0,0,OFF,0,0,0
3330,111,GELAP,OFF,TIDAK ADA,61.11,63.16,178,70.59,-7.44,26.82,0,0,0,0,0,0,0,OFF,0,0,0
3360,112,GELAP,OFF,TIDAK ADA,61.11,63.1,167,70.49,-7.39,26.87,0,0,0,0,0,0,0,OFF,0,0,0
3390,113,GELAP,OFF,TIDAK ADA,61.11,63.36,178,70.69,-7.33,26.74,0,0,0,0,0,0,0,OFF,0,0,0
3420,114,GELAP,OFF,TIDAK ADA,61.11,63.2,178,70.57,-7.38,26.43,0,0,0,0,0,0,0,OFF,0,0,0
3450,115,GELAP,OFF,TIDAK ADA,61.11,63.33,163,70.6,-7.27,26.56,0,0,0,0,0,0,0,OFF,0,0,0
3480,116,GELAP,OFF,TIDAK ADA,61.11,63.4,178,70.56,-7.16,26.67,0,0,0,0,0,0,0,OFF,0,0,0
3510,117,GELAP,OFF,TIDAK ADA,61.11,63.66,178,70.6,-6.94,26.51,0,0,0,0,0,0,0,OFF,0,0,0
3540,118,GELAP,OFF,TIDAK ADA,61.18,62.25,168,70.51,-8.26,27.07,0,0,0,0,0,0,0,OFF,0,0,0
3570,119,GELAP,OFF,TIDAK ADA,61.18,62.66,165,70.65,-7.99,27,0,0,0,0,0,0,0,OFF,0,0,0
3600,120,GELAP,OFF,TIDAK ADA,61.15,62.5,166,70.65,-8.15,26.92,0,0,0,0,0,0,0,OFF,0,0,0
3630,121,GELAP,OFF,TIDAK ADA,61.13,63.11,166,70.91,-7.8,26.65,0,0,0,0,0,0,0,OFF,0,0,0
3660,122,GELAP,OFF,TIDAK ADA,61.18,62.4,165,70.72,-8.33,27.05,0,0,0,0,0,0,0,OFF,0,0,0
3690,123,GELAP,OFF,TIDAK ADA,61.18,62.31,168,70.63,-8.32,27.04,0,0,0,0,0,0,0,OFF,0,0,0
3720,124,GELAP,OFF,TIDAK ADA,61.18,62.5,165,70.81,-8.31,26.89,0,0,0,0,0,0,0,OFF,0,0,0
3750,125,GELAP,OFF,TIDAK ADA,61.18,62.6,168,70.74,-8.14,26.95,0,0,0,0,0,0,0,OFF,0,0,0
3780,126,GELAP,OFF,TIDAK ADA,61.18,62.55,165,70.74,-8.2,26.9,0,0,0,0,0,0,0,OFF,0,0,0
3810,127,GELAP,OFF,TIDAK ADA,61.18,62.6,168,70.78,-8.18,26.75,0,0,0,0,0,0,0,OFF,0,0,0
3840,128,GELAP,OFF,TIDAK ADA,61.15,62.58,190,70.61,-8.03,27.06,0,0,0,0,0,0,0,OFF,0,0,0
3870,129,GELAP,OFF,TIDAK ADA,61.15,62.63,190,70.71,-8.07,27.01,0,0,0,0,0,0,0,OFF,0,0,0
3900,130,GELAP,OFF,TIDAK ADA,61.15,62.84,190,70.71,-7.87,26.95,0,0,0,0,0,0,0,OFF,0,0,0
3930,131,GELAP,OFF,TIDAK ADA,61.15,62.41,190,70.71,-8.29,27.15,0,0,0,0,0,0,0,OFF,0,0,0
3960,132,GELAP,OFF,TIDAK ADA,61.15,62.62,190,70.73,-8.11,27.04,0,0,0,0,0,0,0,OFF,0,0,0
3990,133,GELAP,OFF,TIDAK ADA,61.15,62.82,190,70.97,-8.14,27.19,0,0,0,0,0,0,0,OFF,0,0,0
4020,134,GELAP,OFF,TIDAK ADA,61.15,62.57,190,70.89,-8.32,26.97,0,0,0,0,0,0,0,OFF,0,0,0
4050,135,GELAP,OFF,TIDAK ADA,61.15,62.82,190,70.74,-7.92,27.17,0,0,0,0,0,0,0,OFF,0,0,0
4080,136,GELAP,OFF,TIDAK ADA,61.2,63.04,187,70.71,-7.67,27.68,0,0,0,0,0,0,0,OFF,0,0,0
4110,137,GELAP,OFF,TIDAK ADA,61.13,62.77,172,70.72,-7.95,27.05,0,0,0,0,0,0,0,OFF,0,0,0
4140,138,GELAP,OFF,TIDAK ADA,60.98,62.8,175,70.33,-7.52,27.88,0,0,0,0,0,0,0,OFF,0,0,0
4170,139,GELAP,OFF,TIDAK ADA,60.98,62.77,165,70.38,-7.6,27.78,0,0,0,0,0,0,0,OFF,0,0,0
4200,140,GELAP,OFF,TIDAK ADA,61.03,62.88,168,70.39,-7.51,27.93,0,0,0,0,0,0,0,OFF,0,0,0
4230,141,GELAP,OFF,TIDAK ADA,60.98,62.8,164,70.42,-7.62,27.92,0,0,0,0,0,0,0,OFF,0,0,0
4260,142,GELAP,OFF,TIDAK ADA,60.98,62.68,163,70.33,-7.65,27.86,0,0,0,0,0,0,0,OFF,0,0,0
4290,143,GELAP,OFF,TIDAK ADA,60.98,62.81,163,70.5,-7.69,27.99,0,0,0,0,0,0,0,OFF,0,0,0
4320,144,GELAP,OFF,TIDAK ADA,60.98,62.66,163,70.26,-7.6,27.78,0,0,0,0,0,0,0,OFF,0,0,0
4350,145,GELAP,OFF,TIDAK ADA,61.04,62.66,174,70.35,-7.69,27.84,0,0,0,0,0,0,0,OFF,0,0,0
4380,146,GELAP,OFF,TIDAK ADA,61.06,63.1,164,70.39,-7.28,27.68,0,0,0,0,0,0,0,OFF,0,0,0
4410,147,GELAP,OFF,TIDAK ADA,60.98,62.72,164,70.5,-7.78,27.76,0,0,0,0,0,0,0,OFF,0,0,0
4440,148,GELAP,OFF,TIDAK ADA,61.29,62.5,163,70.7,-8.2,27.18,0,0,0,0,0,0,0,OFF,0,0,0
4470,149,GELAP,OFF,TIDAK ADA,61.3,62.48,154,70.74,-8.26,27.11,0,0,0,0,0,0,0,OFF,0,0,0
4500,150,GELAP,OFF,TIDAK ADA,61.3,62.91,161,71.04,-8.13,27.14,0,0,0,0,0,0,0,OFF,0,0,0
4530,151,GELAP,OFF,TIDAK ADA,61.3,62.76,161,70.87,-8.11,27.15,0,0,0,0,0,0,0,OFF,0,0,0
4560,152,GELAP,OFF,TIDAK ADA,61.3,62.92,161,70.99,-8.08,27.14,0,0,0,0,0,0,0,OFF,0,0,0
4590,153,GELAP,OFF,TIDAK ADA,61.3,63.02,161,70.99,-7.97,27.05,0,0,0,0,0,0,0,OFF,0,0,0
4620,154,GELAP,OFF,TIDAK ADA,61.32,62.93,163,70.93,-8,26.88,0,0,0,0,0,0,0,OFF,0,0,0
4650,155,GELAP,OFF,TIDAK ADA,61.24,62.56,159,70.95,-8.39,27,0,0,0,0,0,0,0,OFF,0,0,0
4680,156,GELAP,OFF,TIDAK ADA,61.3,62.75,163,71.01,-8.25,26.98,0,0,0,0,0,0,0,OFF,0,0,0
4710,157,GELAP,OFF,TIDAK ADA,61.3,62.59,163,70.77,-8.18,26.95,0,0,0,0,0,0,0,OFF,0,0,0
4740,158,GELAP,OFF,TIDAK ADA,61.18,62.2,154,70.39,-8.2,26.67,0,0,0,0,0,0,0,OFF,0,0,0
4770,159,GELAP,OFF,TIDAK ADA,61.18,62.16,154,70.35,-8.2,26.64,0,0,0,0,0,0,0,OFF,0,0,0
4800,160,GELAP,OFF,TIDAK ADA,61.18,62.33,163,70.3,-7.96,27.03,0,0,0,0,0,0,0,OFF,0,0,0
4830,161,GELAP,OFF,TIDAK ADA,61.18,62.54,157,70.48,-7.95,26.69,0,0,0,0,0,0,0,OFF,0,0,0
4860,162,GELAP,OFF,TIDAK ADA,61.18,62.19,154,70.5,-8.32,26.64,0,0,0,0,0,0,0,OFF,0,0,0
4890,163,GELAP,OFF,TIDAK ADA,61.18,62.41,178,70.41,-8.01,27.97,0,0,0,0,0,0,0,OFF,0,0,0
4920,164,GELAP,OFF,TIDAK ADA,61.17,62.21,154,70.39,-8.17,26.76,0,0,0,0,0,0,0,OFF,0,0,0
4950,165,GELAP,OFF,TIDAK ADA,61.18,62.76,171,70.58,-7.82,27.51,0,0,0,0,0,0,0,OFF,0,0,0
4980,166,GELAP,OFF,TIDAK ADA,61.18,62.39,163,70.27,-7.88,27.07,0,0,0,0,0,0,0,OFF,0,0,0
5010,167,GELAP,OFF,TIDAK ADA,61.18,62.5,163,70.7,-8.2,26.77,0,0,0,0,0,0,0,OFF,0,0,0
5040,168,GELAP,OFF,TIDAK ADA,61.24,62.33,190,70.58,-8.26,28.15,0,0,0,0,0,0,0,OFF,0,0,0
5070,169,GELAP,OFF,TIDAK ADA,61.27,62.24,189,70.52,-8.28,28.03,0,0,0,0,0,0,0,OFF,0,0,0
5100,170,GELAP,OFF,TIDAK ADA,61.28,62.24,189,70.54,-8.3,28.03,0,0,0,0,0,0,0,OFF,0,0,0
5130,171,GELAP,OFF,TIDAK ADA,61.24,62.22,189,70.71,-8.49,28.07,0,0,0,0,0,0,0,OFF,0,0,0
5160,172,GELAP,OFF,TIDAK ADA,61.32,62.45,178,70.69,-8.24,27.99,0,0,0,0,0,0,0,OFF,0,0,0
5190,173,GELAP,OFF,TIDAK ADA,61.25,62.49,175,70.56,-8.07,27.75,0,0,0,0,0,0,0,OFF,0,0,0
5220,174,GELAP,OFF,TIDAK ADA,61.24,62.76,179,70.68,-7.92,27.81,0,0,0,0,0,0,0,OFF,0,0,0
5250,175,GELAP,OFF,TIDAK ADA,61.27,62.62,183,70.65,-8.03,28.12,0,0,0,0,0,0,0,OFF,0,0,0
5280,176,GELAP,OFF,TIDAK ADA,61.24,62.81,190,70.59,-7.79,28.25,0,0,0,0,0,0,0,OFF,0,0,0
5310,177,GELAP,OFF,TIDAK ADA,61.24,62.65,179,70.59,-7.94,27.72,0,0,0,0,0,0,0,OFF,0,0,0
5340,178,GELAP,OFF,TIDAK ADA,61.14,62.71,180,70.41,-7.7,27.47,0,0,0,0,0,0,0,OFF,0,0,0
5370,179,GELAP,OFF,TIDAK ADA,61.42,62.71,170,70.27,-7.57,27.29,0,0,0,0,0,0,0,OFF,0,0,0
5400,180,GELAP,OFF,TIDAK ADA,61.23,63.01,168,70.65,-7.65,27.28,0,0,0,0,0,0,0,OFF,0,0,0
5430,181,GELAP,OFF,TIDAK ADA,61.14,62.91,173,70.52,-7.61,27.29,0,0,0,0,0,0,0,OFF,0,0,0
5460,182,GELAP,OFF,TIDAK ADA,61.14,62.87,180,70.52,-7.65,27.39,0,0,0,0,0,0,0,OFF,0,0,0
5490,183,GELAP,OFF,TIDAK ADA,61.19,63.05,168,70.58,-7.53,27.08,0,0,0,0,0,0,0,OFF,0,0,0
5520,184,GELAP,OFF,TIDAK ADA,61.15,62.93,170,70.61,-7.68,27.38,0,0,0,0,0,0,0,OFF,0,0,0
5550,185,GELAP,OFF,TIDAK ADA,61.45,63.05,168,70.59,-7.55,27.12,0,0,0,0,0,0,0,OFF,0,0,0
5580,186,GELAP,OFF,TIDAK ADA,61.27,62.82,179,70.44,-7.62,27.63,0,0,0,0,0,0,0,OFF,0,0,0
5610,187,GELAP,OFF,TIDAK ADA,61.14,62.96,168,70.48,-7.52,27.52,0,0,0,0,0,0,0,OFF,0,0,0
5640,188,GELAP,OFF,TIDAK ADA,61.01,62.6,170,70.7,-8.1,28.52,0,0,0,0,0,0,0,OFF,0,0,0
5670,189,GELAP,OFF,TIDAK ADA,61.01,62.51,166,70.78,-8.27,28.35,0,0,0,0,0,0,0,OFF,0,0,0
5700,190,GELAP,OFF,TIDAK ADA,61.07,62.42,167,70.73,-8.31,28.41,0,0,0,0,0,0,0,OFF,0,0,0
5730,191,GELAP,OFF,TIDAK ADA,61.02,62.56,166,70.71,-8.16,28.16,0,0,0,0,0,0,0,OFF,0,0,0
5760,192,GELAP,OFF,TIDAK ADA,61.06,62.65,192,70.61,-7.96,28.6,0,0,0,0,0,0,0,OFF,0,0,0
5790,193,GELAP,OFF,TIDAK ADA,61.01,62.66,170,70.78,-8.12,28.43,0,0,0,0,0,0,0,OFF,0,0,0
5820,194,GELAP,OFF,TIDAK ADA,61.01,62.53,166,70.63,-8.09,28.02,0,0,0,0,0,0,0,OFF,0,0,0
5850,195,GELAP,OFF,TIDAK ADA,61.01,62.28,166,70.69,-8.41,28.15,0,0,0,0,0,0,0,OFF,0,0,0
5880,196,GELAP,OFF,TIDAK ADA,61.01,62.61,165,70.97,-8.36,28.08,0,0,0,0,0,0,0,OFF,0,0,0
5910,197,GELAP,OFF,TIDAK ADA,61.01,62.65,167,70.77,-8.12,28.21,0,0,0,0,0,0,0,OFF,0,0,0
5940,198,GELAP,OFF,TIDAK ADA,61.13,62.31,167,70.31,-7.99,27.08,0,0,0,0,0,0,0,OFF,0,0,0
5970,199,GELAP,OFF,TIDAK ADA,61.13,62.47,167,70.46,-7.99,27.36,0,0,0,0,0,0,0,OFF,0,0,0
6000,200,GELAP,OFF,TIDAK ADA,61.13,62.3,167,70.4,-8.1,27.26,0,0,0,0,0,0,0,OFF,0,0,0
6030,201,GELAP,OFF,TIDAK ADA,61.13,62.43,166,70.51,-8.08,26.86,0,0,0,0,0,0,0,OFF,0,0,0
6060,202,GELAP,OFF,TIDAK ADA,61.13,62.52,167,70.56,-8.05,27.13,0,0,0,0,0,0,0,OFF,0,0,0
6090,203,GELAP,OFF,TIDAK ADA,61.13,62.59,166,70.52,-7.93,26.9,0,0,0,0,0,0,0,OFF,0,0,0
6120,204,GELAP,OFF,TIDAK ADA,61.13,62.48,170,70.51,-8.03,27.1,0,0,0,0,0,0,0,OFF,0,0,0
6150,205,GELAP,OFF,TIDAK ADA,61.13,62.65,167,70.41,-7.76,27.46,0,0,0,0,0,0,0,OFF,0,0,0
6180,206,GELAP,OFF,TIDAK ADA,61.13,62.56,167,70.51,-7.95,27.11,0,0,0,0,0,0,0,OFF,0,0,0
6210,207,GELAP,OFF,TIDAK ADA,61.16,62.41,167,70.43,-8.02,27.2,0,0,0,0,0,0,0,OFF,0,0,0
6240,208,GELAP,OFF,TIDAK ADA,61.11,62.76,176,70.32,-7.56,26.96,0,0,0,0,0,0,0,OFF,0,0,0
6270,209,GELAP,OFF,TIDAK ADA,61.11,62.85,174,70.23,-7.38,26.95,0,0,0,0,0,0,0,OFF,0,0,0
6300,210,GELAP,OFF,TIDAK ADA,61.11,62.85,176,70.41,-7.57,26.89,0,0,0,0,0,0,0,OFF,0,0,0
6330,211,GELAP,OFF,TIDAK ADA,61.11,62.77,176,70.58,-7.81,26.98,0,0,0,0,0,0,0,OFF,0,0,0
6360,212,GELAP,OFF,TIDAK ADA,61.11,62.67,176,70.39,-7.72,26.88,0,0,0,0,0,0,0,OFF,0,0,0
6390,213,GELAP,OFF,TIDAK ADA,61.12,62.88,176,70.43,-7.55,26.9,0,0,0,0,0,0,0,OFF,0,0,0
6420,214,GELAP,OFF,TIDAK ADA,61.11,62.83,176,70.53,-7.7,26.92,0,0,0,0,0,0,0,OFF,0,0,0
6450,215,GELAP,OFF,TIDAK ADA,61.11,62.6,176,70.29,-7.69,26.99,0,0,0,0,0,0,0,OFF,0,0,0
6480,216,GELAP,OFF,TIDAK ADA,61.11,62.73,176,70.47,-7.73,26.75,0,0,0,0,0,0,0,OFF,0,0,0
6510,217,GELAP,OFF,TIDAK ADA,61.11,62.84,176,70.57,-7.73,26.81,0,0,0,0,0,0,0,OFF,0,0,0
6540,218,GELAP,OFF,TIDAK ADA,61.12,61.8,186,70.51,-8.71,27.6,0,0,0,0,0,0,0,OFF,0,0,0
6570,219,GELAP,OFF,TIDAK ADA,61.12,62.06,172,70.46,-8.4,27.6,0,0,0,0,0,0,0,OFF,0,0,0
6600,220,GELAP,OFF,TIDAK ADA,61.12,61.88,186,70.57,-8.69,27.7,0,0,0,0,0,0,0,OFF,0,0,0
6630,221,GELAP,OFF,TIDAK ADA,61.12,62.03,186,70.63,-8.6,27.55,0,0,0,0,0,0,0,OFF,0,0,0
6660,222,GELAP,OFF,TIDAK ADA,61.12,61.98,186,70.51,-8.52,27.35,0,0,0,0,0,0,0,OFF,0,0,0
6690,223,GELAP,OFF,TIDAK ADA,61.12,62,186,70.48,-8.48,27.61,0,0,0,0,0,0,0,OFF,0,0,0
6720,224,GELAP,OFF,TIDAK ADA,61.12,61.87,186,70.47,-8.6,27.48,0,0,0,0,0,0,0,OFF,0,0,0
6750,225,GELAP,OFF,TIDAK ADA,61.12,62.04,186,70.56,-8.52,27.58,0,0,0,0,0,0,0,OFF,0,0,0
6780,226,GELAP,OFF,TIDAK ADA,61.12,62.07,172,70.81,-8.73,27.35,0,0,0,0,0,0,0,OFF,0,0,0
6810,227,GELAP,OFF,TIDAK ADA,61.12,62.04,172,70.69,-8.65,27.58,0,0,0,0,0,0,0,OFF,0,0,0
6840,228,GELAP,OFF,TIDAK ADA,61.17,62.22,175,70.17,-7.95,27.33,0,0,0,0,0,0,0,OFF,0,0,0
6870,229,GELAP,OFF,TIDAK ADA,61.17,62.44,183,70.32,-7.88,27.56,0,0,0,0,0,0,0,OFF,0,0,0
6900,230,GELAP,OFF,TIDAK ADA,61.17,62.19,175,70.3,-8.11,27.2,0,0,0,0,0,0,0,OFF,0,0,0
6930,231,GELAP,OFF,TIDAK ADA,61.17,62.35,166,70.31,-7.96,27.03,0,0,0,0,0,0,0,OFF,0,0,0
6960,232,GELAP,OFF,TIDAK ADA,61.17,62.34,175,70.3,-7.96,27.21,0,0,0,0,0,0,0,OFF,0,0,0
6990,233,GELAP,OFF,TIDAK ADA,61.24,62.34,175,70.15,-7.81,26.96,0,0,0,0,0,0,0,OFF,0,0,0
7020,234,GELAP,OFF,TIDAK ADA,61.17,62.71,175,70.29,-7.58,26.72,0,0,0,0,0,0,0,OFF,0,0,0
7050,235,GELAP,OFF,TIDAK ADA,61.16,62.59,175,70.27,-7.69,26.78,0,0,0,0,0,0,0,OFF,0,0,0
7080,236,GELAP,OFF,TIDAK ADA,61.17,62.44,170,70.36,-7.92,26.98,0,0,0,0,0,0,0,OFF,0,0,0
7110,237,GELAP,OFF,TIDAK ADA,61.17,62.43,174,70.19,-7.76,27.26,0,0,0,0,0,0,0,OFF,0,0,0
7140,238,GELAP,OFF,TIDAK ADA,61.2,62.43,176,70.42,-7.99,27.96,0,0,0,0,0,0,0,OFF,0,0,0
7170,239,GELAP,OFF,TIDAK ADA,61.2,62.81,175,70.52,-7.71,27.79,0,0,0,0,0,0,0,OFF,0,0,0
7200,240,GELAP,OFF,TIDAK ADA,61.2,62.62,175,70.54,-7.92,27.86,0,0,0,0,0,0,0,OFF,0,0,0
7230,241,GELAP,OFF,TIDAK ADA,61.34,62.76,174,70.56,-7.8,27.92,0,0,0,0,0,0,0,OFF,0,0,0
7260,242,GELAP,OFF,TIDAK ADA,61.2,62.69,176,70.58,-7.89,27.85,0,0,0,0,0,0,0,OFF,0,0,0
7290,243,GELAP,OFF,TIDAK ADA,61.26,62.86,174,70.75,-7.9,27.75,0,0,0,0,0,0,0,OFF,0,0,0
7320,244,GELAP,OFF,TIDAK ADA,61.18,62.66,174,70.67,-8.01,27.99,0,0,0,0,0,0,0,OFF,0,0,0
7350,245,GELAP,OFF,TIDAK ADA,61.15,62.75,175,70.48,-7.73,27.96,0,0,0,0,0,0,0,OFF,0,0,0
7380,246,GELAP,OFF,TIDAK ADA,61.23,62.64,176,70.59,-7.95,27.91,0,0,0,0,0,0,0,OFF,0,0,0
7410,247,GELAP,OFF,TIDAK ADA,61.32,62.74,172,70.56,-7.82,27.77,0,0,0,0,0,0,0,OFF,0,0,0
7440,248,GELAP,OFF,TIDAK ADA,61.19,63.54,180,70.47,-6.93,27.95,0,0,0,0,0,0,0,OFF,0,0,0
7470,249,GELAP,OFF,TIDAK ADA,61.19,63.7,180,70.58,-6.88,27.95,0,0,0,0,0,0,0,OFF,0,0,0
7500,250,GELAP,OFF,TIDAK ADA,61.2,63.27,185,70.5,-7.23,27.93,0,0,0,0,0,0,0,OFF,0,0,0
7530,251,GELAP,OFF,TIDAK ADA,61.19,63.09,179,70.62,-7.53,27.83,0,0,0,0,0,0,0,OFF,0,0,0
7560,252,GELAP,OFF,TIDAK ADA,61.19,63.38,181,70.67,-7.29,27.68,0,0,0,0,0,0,0,OFF,0,0,0
7590,253,GELAP,OFF,TIDAK ADA,61.19,63.32,180,70.55,-7.23,27.71,0,0,0,0,0,0,0,OFF,0,0,0
7620,254,GELAP,OFF,TIDAK ADA,61.19,63.47,181,70.67,-7.2,27.89,0,0,0,0,0,0,0,OFF,0,0,0
7650,255,GELAP,OFF,TIDAK ADA,61.3,63.46,181,70.59,-7.13,27.37,0,0,0,0,0,0,0,OFF,0,0,0
7680,256,GELAP,OFF,TIDAK ADA,61.19,63.43,180,70.59,-7.16,27.67,0,0,0,0,0,0,0,OFF,0,0,0
7710,257,GELAP,OFF,TIDAK ADA,61.19,63.33,181,70.5,-7.17,27.63,0,0,0,0,0,0,0,OFF,0,0,0
7740,258,GELAP,OFF,TIDAK ADA,61.29,61.48,190,70.2,-8.72,27.15,0,0,0,0,0,0,0,OFF,0,0,0
7770,259,GELAP,OFF,TIDAK ADA,61.29,61.85,178,70.34,-8.48,26.81,0,0,0,0,0,0,0,OFF,0,0,0
7800,260,GELAP,OFF,TIDAK ADA,61.29,61.49,192,70.36,-8.87,27.09,0,0,0,0,0,0,0,OFF,0,0,0
7830,261,GELAP,OFF,TIDAK ADA,61.3,61.86,178,70.37,-8.51,27.19,0,0,0,0,0,0,0,OFF,0,0,0
7860,262,GELAP,OFF,TIDAK ADA,61.3,61.54,185,70.31,-8.77,27.14,0,0,0,0,0,0,0,OFF,0,0,0
7890,263,GELAP,OFF,TIDAK ADA,61.3,61.87,185,70.29,-8.42,27.38,0,0,0,0,0,0,0,OFF,0,0,0
7920,264,GELAP,OFF,TIDAK ADA,61.31,61.99,167,70.42,-8.43,26.95,0,0,0,0,0,0,0,OFF,0,0,0
7950,265,GELAP,OFF,TIDAK ADA,61.34,61.66,176,70.32,-8.65,27.73,0,0,0,0,0,0,0,OFF,0,0,0
7980,266,GELAP,OFF,TIDAK ADA,61.3,61.57,192,70.41,-8.84,27.14,0,0,0,0,0,0,0,OFF,0,0,0
8010,267,GELAP,OFF,TIDAK ADA,61.3,61.45,192,70.34,-8.88,27.12,0,0,0,0,0,0,0,OFF,0,0,0
8040,268,GELAP,OFF,TIDAK ADA,61.14,62.64,170,70.19,-7.55,27.87,0,0,0,0,0,0,0,OFF,0,0,0
8070,269,GELAP,OFF,TIDAK ADA,61.14,62.6,170,70.19,-7.59,27.9,0,0,0,0,0,0,0,OFF,0,0,0
8100,270,GELAP,OFF,TIDAK ADA,61.1,62.66,165,70.28,-7.62,27.86,0,0,0,0,0,0,0,OFF,0,0,0
8130,271,GELAP,OFF,TIDAK ADA,61.14,62.7,165,70.34,-7.65,27.57,0,0,0,0,0,0,0,OFF,0,0,0
8160,272,GELAP,OFF,TIDAK ADA,61.14,62.62,168,70.4,-7.78,27.77,0,0,0,0,0,0,0,OFF,0,0,0
8190,273,GELAP,OFF,TIDAK ADA,61.14,62.73,170,70.2,-7.47,27.7,0,0,0,0,0,0,0,OFF,0,0,0
8220,274,GELAP,OFF,TIDAK ADA,61.14,62.91,170,70.34,-7.43,27.85,0,0,0,0,0,0,0,OFF,0,0,0
8250,275,GELAP,OFF,TIDAK ADA,61.14,62.59,170,70.27,-7.68,27.76,0,0,0,0,0,0,0,OFF,0,0,0
8280,276,GELAP,OFF,TIDAK ADA,61.14,62.56,170,70.32,-7.76,27.72,0,0,0,0,0,0,0,OFF,0,0,0
8310,277,GELAP,OFF,TIDAK ADA,61.14,62.56,170,70.23,-7.67,27.88,0,0,0,0,0,0,0,OFF,0,0,0
8340,278,GELAP,OFF,TIDAK ADA,61.18,61.99,165,70.16,-8.16,27.12,0,0,0,0,0,0,0,OFF,0,0,0
8370,279,GELAP,OFF,TIDAK ADA,61.18,61.95,165,70.1,-8.15,26.99,0,0,0,0,0,0,0,OFF,0,0,0
8400,280,GELAP,OFF,TIDAK ADA,61.18,61.94,165,70.13,-8.2,27.18,0,0,0,0,0,0,0,OFF,0,0,0
8430,281,GELAP,OFF,TIDAK ADA,61.18,61.91,166,70.23,-8.32,26.59,0,0,0,0,0,0,0,OFF,0,0,0
8460,282,GELAP,OFF,TIDAK ADA,61.18,62.02,166,70.29,-8.27,26.95,0,0,0,0,0,0,0,OFF,0,0,0
8490,283,GELAP,OFF,TIDAK ADA,61.18,62.1,166,70.36,-8.26,26.96,0,0,0,0,0,0,0,OFF,0,0,0
8520,284,GELAP,OFF,TIDAK ADA,61.18,62.17,166,70.3,-8.12,26.98,0,0,0,0,0,0,0,OFF,0,0,0
8550,285,GELAP,OFF,TIDAK ADA,61.18,62.03,166,70.2,-8.17,26.91,0,0,0,0,0,0,0,OFF,0,0,0
8580,286,GELAP,OFF,TIDAK ADA,61.18,62.02,166,70.25,-8.23,26.87,0,0,0,0,0,0,0,OFF,0,0,0
8610,287,GELAP,OFF,TIDAK ADA,61.18,62.11,160,70.26,-8.15,26.45,0,0,0,0,0,0,0,OFF,0,0,0
8640,288,GELAP,OFF,TIDAK ADA,61.17,63.06,171,70.69,-7.63,26.72,0,0,0,0,0,0,0,OFF,0,0,0
8670,289,GELAP,OFF,TIDAK ADA,61.2,62.76,171,70.53,-7.77,26.83,0,0,0,0,0,0,0,OFF,0,0,0
8700,290,GELAP,OFF,TIDAK ADA,61.14,63.06,172,70.73,-7.66,26.67,0,0,0,0,0,0,0,OFF,0,0,0
8730,291,GELAP,OFF,TIDAK ADA,61.16,63.11,171,70.62,-7.51,26.63,0,0,0,0,0,0,0,OFF,0,0,0
8760,292,GELAP,OFF,TIDAK ADA,61.17,63.07,172,70.63,-7.56,26.86,0,0,0,0,0,0,0,OFF,0,0,0
8790,293,GELAP,OFF,TIDAK ADA,61.17,63.07,172,70.62,-7.54,26.79,0,0,0,0,0,0,0,OFF,0,0,0
8820,294,GELAP,OFF,TIDAK ADA,61.17,62.89,170,70.76,-7.86,26.27,0,0,0,0,0,0,0,OFF,0,0,0
8850,295,GELAP,OFF,TIDAK ADA,61.17,63.11,172,70.9,-7.79,26.57,0,0,0,0,0,0,0,OFF,0,0,0
8880,296,GELAP,OFF,TIDAK ADA,61.16,63.05,172,70.64,-7.59,26.73,0,0,0,0,0,0,0,OFF,0,0,0
8910,297,GELAP,OFF,TIDAK ADA,61.13,62.95,172,70.6,-7.64,27.09,0,0,0,0,0,0,0,OFF,0,0,0
8940,298,GELAP,OFF,TIDAK ADA,61.18,62.44,164,70.58,-8.14,26.62,0,0,0,0,0,0,0,OFF,0,0,0
8970,299,GELAP,OFF,TIDAK ADA,61.18,62.65,164,70.7,-8.06,26.61,0,0,0,0,0,0,0,OFF,0,0,0
9000,300,GELAP,OFF,TIDAK ADA,61.15,62.84,161,70.51,-7.67,26.48,0,0,0,0,0,0,0,OFF,0,0,0
9030,301,GELAP,OFF,TIDAK ADA,61.18,62.65,163,70.47,-7.82,26.27,0,0,0,0,0,0,0,OFF,0,0,0
9060,302,GELAP,OFF,TIDAK ADA,61.17,62.81,161,70.6,-7.79,26.33,0,0,0,0,0,0,0,OFF,0,0,0
9090,303,GELAP,OFF,TIDAK ADA,61.17,62.53,164,70.64,-8.11,26.78,0,0,0,0,0,0,0,OFF,0,0,0
9120,304,GELAP,OFF,TIDAK ADA,61.17,62.4,164,70.59,-8.18,26.5,0,0,0,0,0,0,0,OFF,0,0,0
9150,305,GELAP,OFF,TIDAK ADA,61.17,62.77,164,70.63,-7.86,26.55,0,0,0,0,0,0,0,OFF,0,0,0
9180,306,GELAP,OFF,TIDAK ADA,61.17,62.76,163,70.74,-7.98,26.65,0,0,0,0,0,0,0,OFF,0,0,0
9210,307,GELAP,OFF,TIDAK ADA,61.17,62.39,161,70.62,-8.23,26.36,0,0,0,0,0,0,0,OFF,0,0,0
9240,308,GELAP,OFF,TIDAK ADA,61.14,61.95,179,70.13,-8.18,27.76,0,0,0,0,0,0,0,OFF,0,0,0
9270,309,GELAP,OFF,TIDAK ADA,61.14,61.97,190,70.23,-8.26,27.88,0,0,0,0,0,0,0,OFF,0,0,0
9300,310,GELAP,OFF,TIDAK ADA,61.14,61.92,178,70.12,-8.2,27.42,0,0,0,0,0,0,0,OFF,0,0,0
9330,311,GELAP,OFF,TIDAK ADA,61.14,62.17,179,70.24,-8.07,27.75,0,0,0,0,0,0,0,OFF,0,0,0
9360,312,GELAP,OFF,TIDAK ADA,61.18,62.19,180,70.23,-8.04,27.64,0,0,0,0,0,0,0,OFF,0,0,0
9390,313,GELAP,OFF,TIDAK ADA,61.14,61.95,179,70.25,-8.3,27.39,0,0,0,0,0,0,0,OFF,0,0,0
9420,314,GELAP,OFF,TIDAK ADA,61.14,62.52,170,70.3,-7.78,27.44,0,0,0,0,0,0,0,OFF,0,0,0
9450,315,GELAP,OFF,TIDAK ADA,61.14,62.69,176,70.31,-7.63,27.71,0,0,0,0,0,0,0,OFF,0,0,0
9480,316,GELAP,OFF,TIDAK ADA,61.14,62.17,164,70.34,-8.17,27.53,0,0,0,0,0,0,0,OFF,0,0,0
9510,317,GELAP,OFF,TIDAK ADA,61.14,62.26,180,70.32,-8.06,27.8,0,0,0,0,0,0,0,OFF,0,0,0
9540,318,GELAP,OFF,TIDAK ADA,61.03,62.71,164,70.4,-7.69,26.72,0,0,0,0,0,0,0,OFF,0,0,0
9570,319,GELAP,OFF,TIDAK ADA,61.08,62.85,165,70.47,-7.62,26.92,0,0,0,0,0,0,0,OFF,0,0,0
9600,320,GELAP,OFF,TIDAK ADA,61.03,62.82,165,70.42,-7.59,26.92,0,0,0,0,0,0,0,OFF,0,0,0
9630,321,GELAP,OFF,TIDAK ADA,61.12,62.74,165,70.68,-7.94,26.68,0,0,0,0,0,0,0,OFF,0,0,0
9660,322,GELAP,OFF,TIDAK ADA,61.1,62.88,165,70.54,-7.66,26.34,0,0,0,0,0,0,0,OFF,0,0,0
9690,323,GELAP,OFF,TIDAK ADA,61.01,62.78,165,70.39,-7.61,26.57,0,0,0,0,0,0,0,OFF,0,0,0
9720,324,GELAP,OFF,TIDAK ADA,61.08,62.78,165,70.62,-7.84,26.77,0,0,0,0,0,0,0,OFF,0,0,0
9750,325,GELAP,OFF,TIDAK ADA,61.03,63.12,164,70.63,-7.51,27.11,0,0,0,0,0,0,0,OFF,0,0,0
9780,326,GELAP,OFF,TIDAK ADA,61.09,62.31,165,70.61,-8.3,26.89,0,0,0,0,0,0,0,OFF,0,0,0
9810,327,GELAP,OFF,TIDAK ADA,61.09,62.75,165,70.45,-7.7,26.76,0,0,0,0,0,0,0,OFF,0,0,0
9840,328,GELAP,OFF,TIDAK ADA,61.14,62.43,164,70.76,-8.33,27.82,0,0,0,0,0,0,0,OFF,0,0,0
9870,329,GELAP,OFF,TIDAK ADA,61.14,62.59,164,70.77,-8.18,27.94,0,0,0,0,0,0,0,OFF,0,0,0
9900,330,GELAP,OFF,TIDAK ADA,61.14,62.53,164,70.66,-8.13,27.7,0,0,0,0,0,0,0,OFF,0,0,0
9930,331,GELAP,OFF,TIDAK ADA,61.17,62.71,164,70.67,-7.97,28.18,0,0,0,0,0,0,0,OFF,0,0,0
9960,332,GELAP,OFF,TIDAK ADA,61.17,62.56,164,70.63,-8.07,27.6,0,0,0,0,0,0,0,OFF,0,0,0
9990,333,GELAP,OFF,TIDAK ADA,61.14,62.81,164,70.78,-7.97,27.94,0,0,0,0,0,0,0,OFF,0,0,0
10020,334,GELAP,OFF,TIDAK ADA,61.14,62.73,164,70.84,-8.11,27.97,0,0,0,0,0,0,0,OFF,0,0,0
10050,335,GELAP,OFF,TIDAK ADA,61.17,62.49,164,70.74,-8.25,28.07,0,0,0,0,0,0,0,OFF,0,0,0
10080,336,GELAP,OFF,TIDAK ADA,61.08,62.71,164,71,-8.28,27.91,0,0,0,0,0,0,0,OFF,0,0,0
10110,337,GELAP,OFF,TIDAK ADA,61.14,62.46,164,70.77,-8.32,27.99,0,0,0,0,0,0,0,OFF,0,0,0
10140,338,GELAP,OFF,TIDAK ADA,61.16,62.66,165,70.4,-7.74,27.14,0,0,0,0,0,0,0,OFF,0,0,0
10170,339,GELAP,OFF,TIDAK ADA,61.16,62.59,164,70.42,-7.83,27.06,0,0,0,0,0,0,0,OFF,0,0,0
10200,340,GELAP,OFF,TIDAK ADA,61.16,63,170,70.66,-7.66,26.96,0,0,0,0,0,0,0,OFF,0,0,0
10230,341,GELAP,OFF,TIDAK ADA,61.1,62.74,170,70.54,-7.79,27.35,0,0,0,0,0,0,0,OFF,0,0,0
10260,342,GELAP,OFF,TIDAK ADA,61.16,62.54,164,70.48,-7.94,26.83,0,0,0,0,0,0,0,OFF,0,0,0
10290,343,GELAP,OFF,TIDAK ADA,61.16,63.09,164,70.73,-7.64,26.87,0,0,0,0,0,0,0,OFF,0,0,0
10320,344,GELAP,OFF,TIDAK ADA,61.16,62.85,168,70.58,-7.73,27.27,0,0,0,0,0,0,0,OFF,0,0,0
10350,345,GELAP,OFF,TIDAK ADA,61.16,62.73,168,70.34,-7.62,27.29,0,0,0,0,0,0,0,OFF,0,0,0
10380,346,GELAP,OFF,TIDAK ADA,61.2,62.99,164,70.59,-7.6,27.6,0,0,0,0,0,0,0,OFF,0,0,0
10410,347,GELAP,OFF,TIDAK ADA,61.16,62.84,170,70.5,-7.66,27.23,0,0,0,0,0,0,0,OFF,0,0,0
10440,348,GELAP,OFF,TIDAK ADA,61.12,62.93,195,70.58,-7.65,28.26,0,0,0,0,0,0,0,OFF,0,0,0
10470,349,GELAP,OFF,TIDAK ADA,61.09,62.7,196,70.74,-8.04,27.63,0,0,0,0,0,0,0,OFF,0,0,0
10500,350,GELAP,OFF,TIDAK ADA,61.12,62.88,196,70.74,-7.86,28.02,0,0,0,0,0,0,0,OFF,0,0,0
10530,351,GELAP,OFF,TIDAK ADA,61.23,62.82,196,70.54,-7.72,28,0,0,0,0,0,0,0,OFF,0,0,0
10560,352,GELAP,OFF,TIDAK ADA,61.12,62.74,196,70.58,-7.84,28.14,0,0,0,0,0,0,0,OFF,0,0,0
10590,353,GELAP,OFF,TIDAK ADA,61.12,62.51,195,70.36,-7.85,27.95,0,0,0,0,0,0,0,OFF,0,0,0
10620,354,GELAP,OFF,TIDAK ADA,61.12,62.91,180,70.52,-7.6,27.78,0,0,0,0,0,0,0,OFF,0,0,0
10650,355,GELAP,OFF,TIDAK ADA,61.19,62.8,195,70.51,-7.72,27.8,0,0,0,0,0,0,0,OFF,0,0,0
10680,356,GELAP,OFF,TIDAK ADA,61.12,62.76,195,70.53,-7.77,27.85,0,0,0,0,0,0,0,OFF,0,0,0
10710,357,GELAP,OFF,TIDAK ADA,61.12,62.86,195,70.51,-7.65,28.1,0,0,0,0,0,0,0,OFF,0,0,0
10740,358,GELAP,OFF,TIDAK ADA,61.17,62.28,178,70.38,-8.09,27.75,0,0,0,0,0,0,0,OFF,0,0,0
10770,359,GELAP,OFF,TIDAK ADA,61.19,62.46,176,70.59,-8.12,27.57,0,0,0,0,0,0,0,OFF,0,0,0
10800,360,GELAP,OFF,TIDAK ADA,61.17,62.57,178,70.53,-7.96,27.73,0,0,0,0,0,0,0,OFF,0,0,0
10830,361,GELAP,OFF,TIDAK ADA,61.17,62.52,178,70.58,-8.06,27.78,0,0,0,0,0,0,0,OFF,0,0,0
10860,362,GELAP,OFF,TIDAK ADA,61.17,62.46,178,70.56,-8.1,27.6,0,0,0,0,0,0,0,OFF,0,0,0
10890,363,GELAP,OFF,TIDAK ADA,61.17,62.43,178,70.59,-8.16,27.67,0,0,0,0,0,0,0,OFF,0,0,0
10920,364,GELAP,OFF,TIDAK ADA,61.16,62.8,178,70.62,-7.82,27.56,0,0,0,0,0,0,0,OFF,0,0,0
10950,365,GELAP,OFF,TIDAK ADA,61.16,62.69,176,70.56,-7.87,27.46,0,0,0,0,0,0,0,OFF,0,0,0
10980,366,GELAP,OFF,TIDAK ADA,61.19,62.47,178,70.61,-8.15,27.76,0,0,0,0,0,0,0,OFF,0,0,0
11010,367,GELAP,OFF,TIDAK ADA,61.16,62.64,178,70.74,-8.1,27.51,0,0,0,0,0,0,0,OFF,0,0,0
11040,368,GELAP,OFF,TIDAK ADA,61.15,62.93,180,70.51,-7.59,27.97,0,0,0,0,0,0,0,OFF,0,0,0
11070,369,GELAP,OFF,TIDAK ADA,61.15,63.18,174,70.74,-7.57,27.9,0,0,0,0,0,0,0,OFF,0,0,0
11100,370,GELAP,OFF,TIDAK ADA,61.18,63.06,180,70.43,-7.37,27.65,0,0,0,0,0,0,0,OFF,0,0,0
11130,371,GELAP,OFF,TIDAK ADA,61.15,62.94,180,70.46,-7.52,27.8,0,0,0,0,0,0,0,OFF,0,0,0
11160,372,GELAP,OFF,TIDAK ADA,61.37,63.17,180,70.35,-7.18,27.52,0,0,0,0,0,0,0,OFF,0,0,0
11190,373,GELAP,OFF,TIDAK ADA,61.15,62.91,171,70.52,-7.61,27.42,0,0,0,0,0,0,0,OFF,0,0,0
11220,374,GELAP,OFF,TIDAK ADA,61.19,63.36,181,70.64,-7.28,27.48,0,0,0,0,0,0,0,OFF,0,0,0
11250,375,GELAP,OFF,TIDAK ADA,61.15,62.78,181,70.36,-7.58,27.93,0,0,0,0,0,0,0,OFF,0,0,0
11280,376,GELAP,OFF,TIDAK ADA,61.15,62.99,181,70.3,-7.31,27.83,0,0,0,0,0,0,0,OFF,0,0,0
11310,377,GELAP,OFF,TIDAK ADA,61.15,62.85,181,70.49,-7.63,27.69,0,0,0,0,0,0,0,OFF,0,0,0
11340,378,GELAP,OFF,TIDAK ADA,61.18,63.12,203,70.84,-7.72,28.09,0,0,0,0,0,0,0,OFF,0,0,0
11370,379,GELAP,OFF,TIDAK ADA,61.18,62.88,172,70.63,-7.75,27.67,0,0,0,0,0,0,0,OFF,0,0,0
11400,380,GELAP,OFF,TIDAK ADA,61.18,63.08,182,70.84,-7.76,27.82,0,0,0,0,0,0,0,OFF,0,0,0
11430,381,GELAP,OFF,TIDAK ADA,61.18,63.04,182,70.76,-7.72,27.99,0,0,0,0,0,0,0,OFF,0,0,0
11460,382,GELAP,OFF,TIDAK ADA,61.18,62.93,172,70.78,-7.85,27.68,0,0,0,0,0,0,0,OFF,0,0,0
11490,383,GELAP,OFF,TIDAK ADA,61.2,63.12,182,70.79,-7.67,27.51,0,0,0,0,0,0,0,OFF,0,0,0
11520,384,GELAP,OFF,TIDAK ADA,61.13,63.68,185,70.97,-7.29,27.87,0,0,0,0,0,0,0,OFF,0,0,0
11550,385,GELAP,OFF,TIDAK ADA,61.18,63.05,182,70.95,-7.9,28.02,0,0,0,0,0,0,0,OFF,0,0,0
11580,386,GELAP,OFF,TIDAK ADA,61.18,63.34,171,70.87,-7.53,27.68,0,0,0,0,0,0,0,OFF,0,0,0
11610,387,GELAP,OFF,TIDAK ADA,61.16,63.6,182,70.94,-7.34,27.73,0,0,0,0,0,0,0,OFF,0,0,0
11640,388,GELAP,OFF,TIDAK ADA,61.2,62.95,182,70.06,-7.11,28.12,0,0,0,0,0,0,0,OFF,0,0,0
11670,389,GELAP,OFF,TIDAK ADA,61.21,63,183,70.16,-7.16,28.3,0,0,0,0,0,0,0,OFF,0,0,0
11700,390,GELAP,OFF,TIDAK ADA,61.21,63.13,183,70.34,-7.2,28.41,0,0,0,0,0,0,0,OFF,0,0,0
11730,391,GELAP,OFF,TIDAK ADA,61.18,63.02,183,70.23,-7.22,27.99,0,0,0,0,0,0,0,OFF,0,0,0
11760,392,GELAP,OFF,TIDAK ADA,61.2,63.34,180,70.21,-6.87,27.83,0,0,0,0,0,0,0,OFF,0,0,0
11790,393,GELAP,OFF,TIDAK ADA,61.2,63.43,185,70.08,-6.65,27.77,0,0,0,0,0,0,0,OFF,0,0,0
11820,394,GELAP,OFF,TIDAK ADA,61.21,62.97,185,70.27,-7.3,28.17,0,0,0,0,0,0,0,OFF,0,0,0
11850,395,GELAP,OFF,TIDAK ADA,61.21,62.99,180,70.14,-7.15,27.97,0,0,0,0,0,0,0,OFF,0,0,0
11880,396,GELAP,OFF,TIDAK ADA,61.21,62.96,182,70.28,-7.32,28.09,0,0,0,0,0,0,0,OFF,0,0,0
11910,397,GELAP,OFF,TIDAK ADA,61.21,62.91,182,70.07,-7.17,28.07,0,0,0,0,0,0,0,OFF,0,0,0
11940,398,GELAP,OFF,TIDAK ADA,61.19,62.33,158,70.32,-8,27.32,0,0,0,0,0,0,0,OFF,0,0,0
11970,399,GELAP,OFF,TIDAK ADA,61.19,62.67,163,70.42,-7.74,27.32,0,0,0,0,0,0,0,OFF,0,0,0
12000,400,GELAP,OFF,TIDAK ADA,61.2,62.96,154,70.5,-7.54,27.21,0,0,0,0,0,0,0,OFF,0,0,0
12030,401,GELAP,OFF,TIDAK ADA,61.19,62.9,157,70.37,-7.47,27.15,0,0,0,0,0,0,0,OFF,0,0,0
12060,402,GELAP,OFF,TIDAK ADA,61.19,62.92,156,70.52,-7.6,27.24,0,0,0,0,0,0,0,OFF,0,0,0
12090,403,GELAP,OFF,TIDAK ADA,61.19,62.64,158,70.6,-7.96,27.06,0,0,0,0,0,0,0,OFF,0,0,0
12120,404,GELAP,OFF,TIDAK ADA,61.19,62.86,171,70.63,-7.77,27.37,0,0,0,0,0,0,0,OFF,0,0,0
12150,405,GELAP,OFF,TIDAK ADA,61.19,62.63,158,70.55,-7.93,26.93,0,0,0,0,0,0,0,OFF,0,0,0
12180,406,GELAP,OFF,TIDAK ADA,61.21,62.83,152,70.59,-7.76,27.01,0,0,0,0,0,0,0,OFF,0,0,0
12210,407,GELAP,OFF,TIDAK ADA,61.19,62.57,158,70.61,-8.05,27.3,0,0,0,0,0,0,0,OFF,0,0,0
12240,408,GELAP,OFF,TIDAK ADA,61.31,62.67,168,70.01,-7.34,26.93,0,0,0,0,0,0,0,OFF,0,0,0
12270,409,GELAP,OFF,TIDAK ADA,61.31,62.35,168,70.18,-7.84,27.12,0,0,0,0,0,0,0,OFF,0,0,0
12300,410,GELAP,OFF,TIDAK ADA,61.3,62.67,168,70.13,-7.46,27.19,0,0,0,0,0,0,0,OFF,0,0,0
12330,411,GELAP,OFF,TIDAK ADA,61.31,62.56,168,69.83,-7.28,27.37,0,0,0,0,0,0,0,OFF,0,0,0
12360,412,GELAP,OFF,TIDAK ADA,61.31,62.67,168,69.9,-7.23,26.92,0,0,0,0,0,0,0,OFF,0,0,0
12390,413,GELAP,OFF,TIDAK ADA,61.31,62.77,168,70.03,-7.26,27,0,0,0,0,0,0,0,OFF,0,0,0
12420,414,GELAP,OFF,TIDAK ADA,61.31,62.58,168,69.87,-7.29,26.74,0,0,0,0,0,0,0,OFF,0,0,0
12450,415,GELAP,OFF,TIDAK ADA,61.2,62.47,168,70.01,-7.55,27.12,0,0,0,0,0,0,0,OFF,0,0,0
12480,416,GELAP,OFF,TIDAK ADA,61.31,62.21,168,69.94,-7.73,27.15,0,0,0,0,0,0,0,OFF,0,0,0
12510,417,GELAP,OFF,TIDAK ADA,61.31,62.37,168,70.19,-7.83,27.42,0,0,0,0,0,0,0,OFF,0,0,0
12540,418,GELAP,OFF,TIDAK ADA,61.15,62.57,172,70.59,-8.02,27.27,0,0,0,0,0,0,0,OFF,0,0,0
12570,419,GELAP,OFF,TIDAK ADA,61.14,62.65,172,70.87,-8.22,27.62,0,0,0,0,0,0,0,OFF,0,0,0
12600,420,GELAP,OFF,TIDAK ADA,61.14,62.73,173,70.71,-7.99,27.8,0,0,0,0,0,0,0,OFF,0,0,0
12630,421,GELAP,OFF,TIDAK ADA,61.16,62.6,172,70.75,-8.15,27.19,0,0,0,0,0,0,0,OFF,0,0,0
12660,422,GELAP,OFF,TIDAK ADA,61.14,62.91,171,70.72,-7.81,26.8,0,0,0,0,0,0,0,OFF,0,0,0
12690,423,GELAP,OFF,TIDAK ADA,61.14,62.78,172,70.75,-7.97,27.25,0,0,0,0,0,0,0,OFF,0,0,0
12720,424,GELAP,OFF,TIDAK ADA,61.14,62.6,172,70.71,-8.11,26.99,0,0,0,0,0,0,0,OFF,0,0,0
12750,425,GELAP,OFF,TIDAK ADA,61.14,62.61,174,70.78,-8.17,26.96,0,0,0,0,0,0,0,OFF,0,0,0
12780,426,GELAP,OFF,TIDAK ADA,61.14,62.53,174,70.74,-8.2,27.24,0,0,0,0,0,0,0,OFF,0,0,0
12810,427,GELAP,OFF,TIDAK ADA,61.14,62.5,174,70.77,-8.27,27.18,0,0,0,0,0,0,0,OFF,0,0,0
12840,428,GELAP,OFF,TIDAK ADA,61.18,62.13,176,70.24,-8.11,26.67,0,0,0,0,0,0,0,OFF,0,0,0
12870,429,GELAP,OFF,TIDAK ADA,61.15,62.16,176,70.27,-8.12,26.65,0,0,0,0,0,0,0,OFF,0,0,0
12900,430,GELAP,OFF,TIDAK ADA,61.12,61.84,167,70.39,-8.55,26.5,0,0,0,0,0,0,0,OFF,0,0,0
12930,431,GELAP,OFF,TIDAK ADA,61.18,61.91,175,70.41,-8.5,26.72,0,0,0,0,0,0,0,OFF,0,0,0
12960,432,GELAP,OFF,TIDAK ADA,61.2,61.98,175,70.21,-8.23,26.77,0,0,0,0,0,0,0,OFF,0,0,0
12990,433,GELAP,OFF,TIDAK ADA,61.18,62.26,175,70.58,-8.32,26.23,0,0,0,0,0,0,0,OFF,0,0,0
13020,434,GELAP,OFF,TIDAK ADA,61.18,62.4,170,70.44,-8.04,26.43,0,0,0,0,0,0,0,OFF,0,0,0
13050,435,GELAP,OFF,TIDAK ADA,61.18,62.07,170,70.38,-8.31,26.59,0,0,0,0,0,0,0,OFF,0,0,0
13080,436,GELAP,OFF,TIDAK ADA,61.18,62.2,170,70.28,-8.08,26.59,0,0,0,0,0,0,0,OFF,0,0,0
13110,437,GELAP,OFF,TIDAK ADA,61.18,62.25,170,70.32,-8.08,26.56,0,0,0,0,0,0,0,OFF,0,0,0
13140,438,GELAP,OFF,TIDAK ADA,61.15,62.83,193,70.4,-7.57,28.09,0,0,0,0,0,0,0,OFF,0,0,0
13170,439,GELAP,OFF,TIDAK ADA,61.19,63.01,195,70.47,-7.46,27.89,0,0,0,0,0,0,0,OFF,0,0,0
13200,440,GELAP,OFF,TIDAK ADA,61.15,63.02,195,70.4,-7.38,28.23,0,0,0,0,0,0,0,OFF,0,0,0
13230,441,GELAP,OFF,TIDAK ADA,61.22,62.95,195,70.43,-7.48,28.09,0,0,0,0,0,0,0,OFF,0,0,0
13260,442,GELAP,OFF,TIDAK ADA,61.15,63.12,194,70.6,-7.48,27.81,0,0,0,0,0,0,0,OFF,0,0,0
13290,443,GELAP,OFF,TIDAK ADA,61.18,63.23,189,70.78,-7.55,27.8,0,0,0,0,0,0,0,OFF,0,0,0
13320,444,GELAP,OFF,TIDAK ADA,61.27,63.18,188,70.67,-7.49,27.73,0,0,0,0,0,0,0,OFF,0,0,0
13350,445,GELAP,OFF,TIDAK ADA,61.36,63.02,193,70.62,-7.6,28.06,0,0,0,0,0,0,0,OFF,0,0,0
13380,446,GELAP,OFF,TIDAK ADA,61.39,63.05,193,70.45,-7.4,27.96,0,0,0,0,0,0,0,OFF,0,0,0
13410,447,GELAP,OFF,TIDAK ADA,61.16,63.26,193,70.49,-7.23,28.18,0,0,0,0,0,0,0,OFF,0,0,0
13440,448,GELAP,OFF,TIDAK ADA,61.2,62.29,178,70.49,-8.2,27.91,0,0,0,0,0,0,0,OFF,0,0,0
13470,449,GELAP,OFF,TIDAK ADA,61.2,62.24,178,70.51,-8.28,28.04,0,0,0,0,0,0,0,OFF,0,0,0
13500,450,GELAP,OFF,TIDAK ADA,61.2,62.59,176,70.56,-7.97,27.84,0,0,0,0,0,0,0,OFF,0,0,0
13530,451,GELAP,OFF,TIDAK ADA,61.2,62.65,176,70.75,-8.11,27.81,0,0,0,0,0,0,0,OFF,0,0,0
13560,452,GELAP,OFF,TIDAK ADA,61.2,62.5,176,70.58,-8.08,27.78,0,0,0,0,0,0,0,OFF,0,0,0
13590,453,GELAP,OFF,TIDAK ADA,61.2,62.25,178,70.55,-8.3,27.82,0,0,0,0,0,0,0,OFF,0,0,0
13620,454,GELAP,OFF,TIDAK ADA,61.2,62.34,178,70.51,-8.17,27.69,0,0,0,0,0,0,0,OFF,0,0,0
13650,455,GELAP,OFF,TIDAK ADA,61.2,62.63,176,70.62,-8,27.86,0,0,0,0,0,0,0,OFF,0,0,0
13680,456,GELAP,OFF,TIDAK ADA,61.2,62.65,178,70.66,-8.01,27.88,0,0,0,0,0,0,0,OFF,0,0,0
13710,457,GELAP,OFF,TIDAK ADA,61.2,62.65,176,70.6,-7.96,27.86,0,0,0,0,0,0,0,OFF,0,0,0
13740,458,GELAP,OFF,TIDAK ADA,61.27,63,179,70.55,-7.55,26.83,0,0,0,0,0,0,0,OFF,0,0,0
13770,459,GELAP,OFF,TIDAK ADA,61.23,63.03,179,70.74,-7.71,26.89,0,0,0,0,0,0,0,OFF,0,0,0
13800,460,GELAP,OFF,TIDAK ADA,61.26,63.01,179,70.58,-7.57,26.8,0,0,0,0,0,0,0,OFF,0,0,0
13830,461,GELAP,OFF,TIDAK ADA,61.26,63.55,178,70.8,-7.24,26.58,0,0,0,0,0,0,0,OFF,0,0,0
13860,462,GELAP,OFF,TIDAK ADA,61.26,63.27,179,70.8,-7.54,26.72,0,0,0,0,0,0,0,OFF,0,0,0
13890,463,GELAP,OFF,TIDAK ADA,61.29,63.31,179,70.73,-7.42,27.16,0,0,0,0,0,0,0,OFF,0,0,0
13920,464,GELAP,OFF,TIDAK ADA,61.28,63.42,179,70.73,-7.31,26.73,0,0,0,0,0,0,0,OFF,0,0,0
13950,465,GELAP,OFF,TIDAK ADA,61.26,63.44,179,70.72,-7.28,26.71,0,0,0,0,0,0,0,OFF,0,0,0
13980,466,GELAP,OFF,TIDAK ADA,61.27,63.16,179,70.63,-7.47,27.14,0,0,0,0,0,0,0,OFF,0,0,0
14010,467,GELAP,OFF,TIDAK ADA,61.27,63.13,179,70.61,-7.47,27.04,0,0,0,0,0,0,0,OFF,0,0,0
14040,468,GELAP,OFF,TIDAK ADA,61.21,62.19,178,70.59,-8.41,28.3,0,0,0,0,0,0,0,OFF,0,0,0
14070,469,GELAP,OFF,TIDAK ADA,61.24,62.3,178,70.61,-8.31,28.24,0,0,0,0,0,0,0,OFF,0,0,0
14100,470,GELAP,OFF,TIDAK ADA,61.24,62.2,175,70.82,-8.62,27.9,0,0,0,0,0,0,0,OFF,0,0,0
14130,471,GELAP,OFF,TIDAK ADA,61.22,62.26,178,70.76,-8.49,28,0,0,0,0,0,0,0,OFF,0,0,0
14160,472,GELAP,OFF,TIDAK ADA,61.22,62.34,178,70.67,-8.33,28.27,0,0,0,0,0,0,0,OFF,0,0,0
14190,473,GELAP,OFF,TIDAK ADA,61.22,62.31,178,70.67,-8.36,28.17,0,0,0,0,0,0,0,OFF,0,0,0
14220,474,GELAP,OFF,TIDAK ADA,61.22,62.26,176,70.82,-8.55,28.34,0,0,0,0,0,0,0,OFF,0,0,0
14250,475,GELAP,OFF,TIDAK ADA,61.22,62.38,176,70.76,-8.38,28.03,0,0,0,0,0,0,0,OFF,0,0,0
14280,476,GELAP,OFF,TIDAK ADA,61.22,62.26,178,70.6,-8.34,28.19,0,0,0,0,0,0,0,OFF,0,0,0
14310,477,GELAP,OFF,TIDAK ADA,61.22,62.44,176,70.76,-8.32,28.05,0,0,0,0,0,0,0,OFF,0,0,0
14340,478,GELAP,OFF,TIDAK ADA,61.19,62.65,166,70.68,-8.03,28.03,0,0,0,0,0,0,0,OFF,0,0,0
14370,479,GELAP,OFF,TIDAK ADA,61.19,62.72,166,70.81,-8.1,28.01,0,0,0,0,0,0,0,OFF,0,0,0
14400,480,GELAP,OFF,TIDAK ADA,61.19,62.8,166,70.82,-8.02,27.95,0,0,0,0,0,0,0,OFF,0,0,0
14430,481,GELAP,OFF,TIDAK ADA,61.19,63.06,168,70.97,-7.91,27.78,0,0,0,0,0,0,0,OFF,0,0,0
14460,482,GELAP,OFF,TIDAK ADA,61.19,63.01,170,70.79,-7.78,28.01,0,0,0,0,0,0,0,OFF,0,0,0
14490,483,GELAP,OFF,TIDAK ADA,61.19,63.08,167,70.94,-7.85,27.81,0,0,0,0,0,0,0,OFF,0,0,0
14520,484,GELAP,OFF,TIDAK ADA,61.19,62.56,170,70.81,-8.25,27.92,0,0,0,0,0,0,0,OFF,0,0,0
14550,485,GELAP,OFF,TIDAK ADA,61.19,62.93,168,71.04,-8.11,28.04,0,0,0,0,0,0,0,OFF,0,0,0
14580,486,GELAP,OFF,TIDAK ADA,61.19,62.71,168,70.85,-8.13,28.24,0,0,0,0,0,0,0,OFF,0,0,0
14610,487,GELAP,OFF,TIDAK ADA,61.22,62.81,171,71.09,-8.28,28.01,0,0,0,0,0,0,0,OFF,0,0,0
14640,488,GELAP,OFF,TIDAK ADA,61.16,63.47,172,70.49,-7.02,27.51,0,0,0,0,0,0,0,OFF,0,0,0
14670,489,GELAP,OFF,TIDAK ADA,61.16,63.7,168,70.65,-6.94,27.22,0,0,0,0,0,0,0,OFF,0,0,0
14700,490,GELAP,OFF,TIDAK ADA,61.2,63.53,174,70.51,-6.99,27.32,0,0,0,0,0,0,0,OFF,0,0,0
14730,491,GELAP,OFF,TIDAK ADA,61.16,63.56,168,70.53,-6.96,27.17,0,0,0,0,0,0,0,OFF,0,0,0
14760,492,GELAP,OFF,TIDAK ADA,61.16,63.55,174,70.56,-7,27.3,0,0,0,0,0,0,0,OFF,0,0,0
14790,493,GELAP,OFF,TIDAK ADA,61.16,63.69,168,70.45,-6.75,27.29,0,0,0,0,0,0,0,OFF,0,0,0
14820,494,GELAP,OFF,TIDAK ADA,61.16,63.7,170,70.41,-6.71,27.21,0,0,0,0,0,0,0,OFF,0,0,0
14850,495,GELAP,OFF,TIDAK ADA,61.16,63.47,174,70.56,-7.09,27.22,0,0,0,0,0,0,0,OFF,0,0,0
14880,496,GELAP,OFF,TIDAK ADA,61.16,63.47,174,70.51,-7.04,26.96,0,0,0,0,0,0,0,OFF,0,0,0
14910,497,GELAP,OFF,TIDAK ADA,61.21,63.58,174,70.47,-6.89,27.24,0,0,0,0,0,0,0,OFF,0,0,0
14940,498,GELAP,OFF,TIDAK ADA,61.19,62.44,195,70.45,-8,26.68,0,0,0,0,0,0,0,OFF,0,0,0
14970,499,GELAP,OFF,TIDAK ADA,61.19,62.49,166,70.47,-7.98,26.82,0,0,0,0,0,0,0,OFF,0,0,0
15000,500,GELAP,OFF,TIDAK ADA,61.33,62.66,195,70.51,-7.84,26.56,0,0,0,0,0,0,0,OFF,0,0,0
15030,501,GELAP,OFF,TIDAK ADA,61.19,62.59,195,70.48,-7.89,26.55,0,0,0,0,0,0,0,OFF,0,0,0
15060,502,GELAP,OFF,TIDAK ADA,61.19,62.57,195,70.39,-7.82,26.72,0,0,0,0,0,0,0,OFF,0,0,0
15090,503,GELAP,OFF,TIDAK ADA,61.19,62.99,195,70.65,-7.66,26.57,0,0,0,0,0,0,0,OFF,0,0,0
15120,504,GELAP,OFF,TIDAK ADA,61.18,62.5,195,70.53,-8.03,26.76,0,0,0,0,0,0,0,OFF,0,0,0
15150,505,GELAP,OFF,TIDAK ADA,61.19,62.66,194,70.62,-7.96,26.53,0,0,0,0,0,0,0,OFF,0,0,0
15180,506,GELAP,OFF,TIDAK ADA,61.19,62.82,194,70.67,-7.85,26.45,0,0,0,0,0,0,0,OFF,0,0,0
15210,507,GELAP,OFF,TIDAK ADA,61.19,62.65,194,70.49,-7.84,26.64,0,0,0,0,0,0,0,OFF,0,0,0
15240,508,GELAP,OFF,TIDAK ADA,61.1,62.35,167,70.59,-8.24,28.26,0,0,0,0,0,0,0,OFF,0,0,0
15270,509,GELAP,OFF,TIDAK ADA,61.1,62.58,167,70.67,-8.1,28.19,0,0,0,0,0,0,0,OFF,0,0,0
15300,510,GELAP,OFF,TIDAK ADA,61.1,62.46,171,70.74,-8.28,28.2,0,0,0,0,0,0,0,OFF,0,0,0
15330,511,GELAP,OFF,TIDAK ADA,61.1,62.5,165,70.67,-8.17,28.03,0,0,0,0,0,0,0,OFF,0,0,0
15360,512,GELAP,OFF,TIDAK ADA,61.1,62.38,171,70.61,-8.23,28.32,0,0,0,0,0,0,0,OFF,0,0,0
15390,513,GELAP,OFF,TIDAK ADA,61.1,62.31,167,70.57,-8.26,28.14,0,0,0,0,0,0,0,OFF,0,0,0
15420,514,GELAP,OFF,TIDAK ADA,61.1,62.19,167,70.65,-8.46,27.85,0,0,0,0,0,0,0,OFF,0,0,0
15450,515,GELAP,OFF,TIDAK ADA,61.1,62.28,167,70.61,-8.33,28.04,0,0,0,0,0,0,0,OFF,0,0,0
15480,516,GELAP,OFF,TIDAK ADA,61.06,62.24,168,70.82,-8.58,27.97,0,0,0,0,0,0,0,OFF,0,0,0
15510,517,GELAP,OFF,TIDAK ADA,61.06,62.53,167,70.73,-8.2,27.77,0,0,0,0,0,0,0,OFF,0,0,0
15540,518,GELAP,OFF,TIDAK ADA,61.16,62.42,175,70.52,-8.11,27.83,0,0,0,0,0,0,0,OFF,0,0,0
15570,519,GELAP,OFF,TIDAK ADA,61.16,62.64,175,70.42,-7.77,27.57,0,0,0,0,0,0,0,OFF,0,0,0
15600,520,GELAP,OFF,TIDAK ADA,61.16,62.93,172,70.51,-7.58,27.51,0,0,0,0,0,0,0,OFF,0,0,0
15630,521,GELAP,OFF,TIDAK ADA,61.16,62.43,187,70.4,-7.97,27.7,0,0,0,0,0,0,0,OFF,0,0,0
15660,522,GELAP,OFF,TIDAK ADA,61.16,63.05,187,70.42,-7.37,27.51,0,0,0,0,0,0,0,OFF,0,0,0
15690,523,GELAP,OFF,TIDAK ADA,61.18,62.63,188,70.53,-7.9,27.26,0,0,0,0,0,0,0,OFF,0,0,0
15720,524,GELAP,OFF,TIDAK ADA,61.16,62.49,183,70.46,-7.97,27.75,0,0,0,0,0,0,0,OFF,0,0,0
15750,525,GELAP,OFF,TIDAK ADA,61.16,62.83,176,70.4,-7.58,27.46,0,0,0,0,0,0,0,OFF,0,0,0
15780,526,GELAP,OFF,TIDAK ADA,61.16,62.73,175,70.33,-7.59,27.45,0,0,0,0,0,0,0,OFF,0,0,0
15810,527,GELAP,OFF,TIDAK ADA,61.16,62.84,175,70.58,-7.73,27.39,0,0,0,0,0,0,0,OFF,0,0,0
15840,528,GELAP,OFF,TIDAK ADA,61.25,61.8,164,70.19,-8.4,27.55,0,0,0,0,0,0,0,OFF,0,0,0
15870,529,GELAP,OFF,TIDAK ADA,61.25,61.92,164,70.41,-8.49,27.08,0,0,0,0,0,0,0,OFF,0,0,0
15900,530,GELAP,OFF,TIDAK ADA,61.25,61.93,164,70.48,-8.55,27.25,0,0,0,0,0,0,0,OFF,0,0,0
15930,531,GELAP,OFF,TIDAK ADA,61.25,61.82,159,70.19,-8.37,27.07,0,0,0,0,0,0,0,OFF,0,0,0
15960,532,GELAP,OFF,TIDAK ADA,61.25,61.93,163,70.36,-8.43,27.41,0,0,0,0,0,0,0,OFF,0,0,0
15990,533,GELAP,OFF,TIDAK ADA,61.27,61.92,163,70.28,-8.35,27.27,0,0,0,0,0,0,0,OFF,0,0,0
16020,534,GELAP,OFF,TIDAK ADA,61.25,61.74,159,70.09,-8.35,27.36,0,0,0,0,0,0,0,OFF,0,0,0
16050,535,GELAP,OFF,TIDAK ADA,61.25,61.83,159,70.24,-8.41,27.07,0,0,0,0,0,0,0,OFF,0,0,0
16080,536,GELAP,OFF,TIDAK ADA,61.25,61.9,178,70.57,-8.67,27.88,0,0,0,0,0,0,0,OFF,0,0,0
16110,537,GELAP,OFF,TIDAK ADA,61.25,61.96,161,70.33,-8.37,27.24,0,0,0,0,0,0,0,OFF,0,0,0
16140,538,GELAP,OFF,TIDAK ADA,61.17,62.96,160,70.36,-7.39,27.22,0,0,0,0,0,0,0,OFF,0,0,0
16170,539,GELAP,OFF,TIDAK ADA,61.17,63.04,159,70.36,-7.32,27.45,0,0,0,0,0,0,0,OFF,0,0,0
16200,540,GELAP,OFF,TIDAK ADA,61.17,63.13,159,70.63,-7.49,26.99,0,0,0,0,0,0,0,OFF,0,0,0
16230,541,GELAP,OFF,TIDAK ADA,61.17,63.19,160,70.52,-7.33,27.03,0,0,0,0,0,0,0,OFF,0,0,0
16260,542,GELAP,OFF,TIDAK ADA,61.17,63.13,160,70.61,-7.47,27.26,0,0,0,0,0,0,0,OFF,0,0,0
16290,543,GELAP,OFF,TIDAK ADA,61.17,63.08,160,70.45,-7.37,27.2,0,0,0,0,0,0,0,OFF,0,0,0
16320,544,GELAP,OFF,TIDAK ADA,61.17,63.12,160,70.64,-7.52,27.39,0,0,0,0,0,0,0,OFF,0,0,0
16350,545,GELAP,OFF,TIDAK ADA,61.17,63.3,160,70.56,-7.26,27.22,0,0,0,0,0,0,0,OFF,0,0,0
16380,546,GELAP,OFF,TIDAK ADA,61.17,63.21,160,70.51,-7.3,27.1,0,0,0,0,0,0,0,OFF,0,0,0
16410,547,GELAP,OFF,TIDAK ADA,61.17,62.97,158,70.54,-7.57,27.08,0,0,0,0,0,0,0,OFF,0,0,0
16440,548,GELAP,OFF,TIDAK ADA,61.15,62.34,172,70.67,-8.33,27.57,0,0,0,0,0,0,0,OFF,0,0,0
16470,549,GELAP,OFF,TIDAK ADA,61.15,62.73,174,70.78,-8.05,27.41,0,0,0,0,0,0,0,OFF,0,0,0
16500,550,GELAP,OFF,TIDAK ADA,61.15,62.62,174,70.74,-8.12,27.16,0,0,0,0,0,0,0,OFF,0,0,0
16530,551,GELAP,OFF,TIDAK ADA,61.15,62.59,175,70.79,-8.2,27.43,0,0,0,0,0,0,0,OFF,0,0,0
16560,552,GELAP,OFF,TIDAK ADA,61.15,62.52,172,70.76,-8.24,27.5,0,0,0,0,0,0,0,OFF,0,0,0
16590,553,GELAP,OFF,TIDAK ADA,61.15,62.74,173,70.73,-7.98,27.45,0,0,0,0,0,0,0,OFF,0,0,0
16620,554,GELAP,OFF,TIDAK ADA,61.15,62.56,172,70.83,-8.28,27.54,0,0,0,0,0,0,0,OFF,0,0,0
16650,555,GELAP,OFF,TIDAK ADA,61.18,62.46,175,70.78,-8.32,27.36,0,0,0,0,0,0,0,OFF,0,0,0
16680,556,GELAP,OFF,TIDAK ADA,61.15,62.47,173,70.67,-8.2,27.71,0,0,0,0,0,0,0,OFF,0,0,0
16710,557,GELAP,OFF,TIDAK ADA,61.37,62.24,173,70.5,-8.26,27.46,0,0,0,0,0,0,0,OFF,0,0,0
16740,558,GELAP,OFF,TIDAK ADA,61.12,62.35,170,70.41,-8.06,27.78,0,0,0,0,0,0,0,OFF,0,0,0
16770,559,GELAP,OFF,TIDAK ADA,61.19,62.5,175,70.64,-8.14,27.65,0,0,0,0,0,0,0,OFF,0,0,0
16800,560,GELAP,OFF,TIDAK ADA,61.12,62.42,174,70.51,-8.09,27.85,0,0,0,0,0,0,0,OFF,0,0,0
16830,561,GELAP,OFF,TIDAK ADA,61.12,62.6,179,70.64,-8.03,27.89,0,0,0,0,0,0,0,OFF,0,0,0
16860,562,GELAP,OFF,TIDAK ADA,61.12,62.56,168,70.58,-8.02,27.82,0,0,0,0,0,0,0,OFF,0,0,0
16890,563,GELAP,OFF,TIDAK ADA,61.21,62.57,171,70.51,-7.94,27.95,0,0,0,0,0,0,0,OFF,0,0,0
16920,564,GELAP,OFF,TIDAK ADA,61.15,62.74,171,70.62,-7.88,27.62,0,0,0,0,0,0,0,OFF,0,0,0
16950,565,GELAP,OFF,TIDAK ADA,61.15,62.36,170,70.47,-8.11,27.76,0,0,0,0,0,0,0,OFF,0,0,0
16980,566,GELAP,OFF,TIDAK ADA,61.12,62.74,170,70.58,-7.85,27.65,0,0,0,0,0,0,0,OFF,0,0,0
17010,567,GELAP,OFF,TIDAK ADA,61.12,62.82,171,70.71,-7.9,27.19,0,0,0,0,0,0,0,OFF,0,0,0
17040,568,GELAP,OFF,TIDAK ADA,61.25,61.63,157,70.48,-8.85,26.01,0,0,0,0,0,0,0,OFF,0,0,0
17070,569,GELAP,OFF,TIDAK ADA,61.25,61.89,163,70.54,-8.65,26.06,0,0,0,0,0,0,0,OFF,0,0,0
17100,570,GELAP,OFF,TIDAK ADA,61.25,61.86,161,70.61,-8.75,26.3,0,0,0,0,0,0,0,OFF,0,0,0
17130,571,GELAP,OFF,TIDAK ADA,61.25,62.02,159,70.66,-8.64,25.54,0,0,0,0,0,0,0,OFF,0,0,0
17160,572,GELAP,OFF,TIDAK ADA,61.25,62.03,166,70.76,-8.73,25.7,0,0,0,0,0,0,0,OFF,0,0,0
17190,573,GELAP,OFF,TIDAK ADA,61.25,61.59,160,70.5,-8.91,25.97,0,0,0,0,0,0,0,OFF,0,0,0
17220,574,GELAP,OFF,TIDAK ADA,61.25,61.77,163,70.57,-8.79,25.87,0,0,0,0,0,0,0,OFF,0,0,0
17250,575,GELAP,OFF,TIDAK ADA,61.25,61.62,159,70.67,-9.05,25.93,0,0,0,0,0,0,0,OFF,0,0,0
17280,576,GELAP,OFF,TIDAK ADA,61.25,61.63,156,70.48,-8.85,25.95,0,0,0,0,0,0,0,OFF,0,0,0
17310,577,GELAP,OFF,TIDAK ADA,61.25,61.66,171,70.52,-8.86,26.02,0,0,0,0,0,0,0,OFF,0,0,0
17340,578,GELAP,OFF,TIDAK ADA,61.15,61.85,174,70.55,-8.7,28.58,0,0,0,0,0,0,0,OFF,0,0,0
17370,579,GELAP,OFF,TIDAK ADA,61.15,61.89,174,70.6,-8.71,28.64,0,0,0,0,0,0,0,OFF,0,0,0
17400,580,GELAP,OFF,TIDAK ADA,61.15,61.97,174,70.48,-8.51,28.54,0,0,0,0,0,0,0,OFF,0,0,0
17430,581,GELAP,OFF,TIDAK ADA,61.15,61.81,165,70.58,-8.77,28.01,0,0,0,0,0,0,0,OFF,0,0,0
17460,582,GELAP,OFF,TIDAK ADA,61.15,61.8,190,70.56,-8.76,28.41,0,0,0,0,0,0,0,OFF,0,0,0
17490,583,GELAP,OFF,TIDAK ADA,61.15,62.2,174,70.55,-8.35,28.2,0,0,0,0,0,0,0,OFF,0,0,0
17520,584,GELAP,OFF,TIDAK ADA,61.19,62.1,174,70.56,-8.46,28.31,0,0,0,0,0,0,0,OFF,0,0,0
17550,585,GELAP,OFF,TIDAK ADA,61.15,62.08,174,70.63,-8.56,28.6,0,0,0,0,0,0,0,OFF,0,0,0
17580,586,GELAP,OFF,TIDAK ADA,61.23,62.13,174,70.51,-8.37,28.52,0,0,0,0,0,0,0,OFF,0,0,0
17610,587,GELAP,OFF,TIDAK ADA,61.15,62.05,174,70.36,-8.31,28.54,0,0,0,0,0,0,0,OFF,0,0,0
17640,588,GELAP,OFF,TIDAK ADA,61.29,62.99,165,70.69,-7.7,26.85,0,0,0,0,0,0,0,OFF,0,0,0
17670,589,GELAP,OFF,TIDAK ADA,61.29,63.06,165,70.68,-7.62,27.13,0,0,0,0,0,0,0,OFF,0,0,0
17700,590,GELAP,OFF,TIDAK ADA,61.29,63.21,165,70.84,-7.63,26.43,0,0,0,0,0,0,0,OFF,0,0,0
17730,591,GELAP,OFF,TIDAK ADA,61.29,63.34,158,70.72,-7.38,26.27,0,0,0,0,0,0,0,OFF,0,0,0
17760,592,GELAP,OFF,TIDAK ADA,61.29,63.07,165,70.73,-7.67,26.61,0,0,0,0,0,0,0,OFF,0,0,0
17790,593,GELAP,OFF,TIDAK ADA,61.29,63.05,165,70.9,-7.85,26.78,0,0,0,0,0,0,0,OFF,0,0,0
17820,594,GELAP,OFF,TIDAK ADA,61.29,63.26,165,70.67,-7.41,26.85,0,0,0,0,0,0,0,OFF,0,0,0
17850,595,GELAP,OFF,TIDAK ADA,61.28,63.21,165,70.71,-7.5,27.14,0,0,0,0,0,0,0,OFF,0,0,0
17880,596,GELAP,OFF,TIDAK ADA,61.29,63.07,165,70.52,-7.45,26.95,0,0,0,0,0,0,0,OFF,0,0,0
17910,597,GELAP,OFF,TIDAK ADA,61.29,62.87,165,70.66,-7.79,26.53,0,0,0,0,0,0,0,OFF,0,0,0
17940,598,GELAP,OFF,TIDAK ADA,61.17,62.23,195,70.58,-8.34,28.66,0,0,0,0,0,0,0,OFF,0,0,0
17970,599,GELAP,OFF,TIDAK ADA,61.17,62.47,178,70.68,-8.22,28.76,0,0,0,0,0,0,0,OFF,0,0,0
18000,600,GELAP,OFF,TIDAK ADA,61.17,62.5,190,70.54,-8.03,28.36,0,0,0,0,0,0,0,OFF,0,0,0